companyName,countryName
141 Première Sports & Entertainment,United States
Acceleration,
Adgistics,United Kingdom
Adgistics,United States
AKQA,Denmark
AKQA,Germany
AKQA,Brazil
AKQA,Australia
AKQA,China
AKQA,Italy
AKQA,Netherlands
AKQA,Japan
AKQA,Sweden
AKQA,South Africa
AKQA,United Arab Emirates
AKQA,United Kingdom
AKQA,Egypt
AKQA,India
AKQA,France
AKQA,United States
AKQA,New Zealand
AKQA,El Salvador
Aleph,
amp,
aMVG (Aerodeon),
Anzu.io,Israel
AQuest,Italy
ArcTouch,United States
ArcTouch,Brazil
AxiCom,Spain
AxiCom,Germany
AxiCom,Netherlands
AxiCom,Italy
AxiCom,United Kingdom
AxiCom,Sweden
AxiCom,France
AxiCom,United States
Barrows,United Kingdom
Barrows,South Africa
Barrows,United States
Barrows,Canada
Barton Deakin,
BAV Group,Thailand
BAV Group,Colombia
BAV Group,United Kingdom
BAV Group,United States
BCW,South Korea
BCW,Kenya
BCW,Norway
BCW,Italy
BCW,South Africa
BCW,Jordan
BCW,Puerto Rico
BCW,India
BCW,France
BCW,Qatar
BCW,Bahrain
BCW,Singapore
BCW,Japan
BCW,Spain
BCW,Germany
BCW,Indonesia
BCW,Turkey
BCW,Malaysia
BCW,Hong Kong
BCW,Argentina
BCW,Saudi Arabia
BCW,United States
BCW,Finland
BCW,United Arab Emirates
BCW,United Kingdom
BCW,Sweden
BCW,The Netherlands
BCW,Belgium
BCW,Chile
BCW,Switzerland
BCW,Brazil
BCW,Australia
BCW,China
BCW,Peru
BCW,Uruguay
BCW,Colombia
BCW,Mexico
BDG architecture + design,United Kingdom
BDG architecture + design,Brazil
BDG architecture + design,United States
Benenson Strategy Group,United States
Berlin Cameron,United States
Blue State,United Kingdom
Blue State,United States
Bottle Rocket,United States
Bower House Digital,
BPG Group,Kuwait
BPG Group,United Arab Emirates
Breakwater Strategy,
Buchanan Communications,
Cannings,
Cannings Purple,
Cartwright,United States
Catalyst,
Cavalry,United States
CBA,Spain
CBA,Belgium
CBA,Turkey
CBA,Brazil
CBA,Italy
CBA,United Kingdom
CBA,France
CBA,Singapore
CBA,United States
Cheetham Bell,
choreograph,
Clarion Communications,United Kingdom
CMI Media Group,United States
Code,
Coley Porter Bell,United Kingdom
Coley Porter Bell,United States
Compas,
Contract Advertising,
Corebiz,
Data Intelligence A/S,
DAVID,Spain
DAVID,Brazil
DAVID,Colombia
DAVID,Argentina
DAVID,United States
Dawson,
deepblue networks,Germany
Deeplocal,United States
Design Bridge and Partners,Spain
Design Bridge and Partners,Germany
Design Bridge and Partners,Thailand
Design Bridge and Partners,Brazil
Design Bridge and Partners,China
Design Bridge and Partners,Netherlands
Design Bridge and Partners,United Kingdom
Design Bridge and Partners,Hong Kong
Design Bridge and Partners,Singapore
Design Bridge and Partners,United States
Designworks,
"Dewey Square Group, LLC",
Diff,Canada
Digital PR,
Direct Impact,United States
DOOH,
dti digital,Brazil
Eicoff,United States
EssenceMediacom,South Korea
EssenceMediacom,Slovakia
EssenceMediacom,Denmark
EssenceMediacom,Kenya
EssenceMediacom,Czech Republic
EssenceMediacom,Greece
EssenceMediacom,Norway
EssenceMediacom,Italy
EssenceMediacom,South Africa
EssenceMediacom,Puerto Rico
EssenceMediacom,Egypt
EssenceMediacom,India
EssenceMediacom,France
EssenceMediacom,Qatar
EssenceMediacom,Bahrain
EssenceMediacom,Singapore
EssenceMediacom,Vietnam
EssenceMediacom,Japan
EssenceMediacom,Taiwan
EssenceMediacom,Spain
EssenceMediacom,Germany
EssenceMediacom,Philippines
EssenceMediacom,Indonesia
EssenceMediacom,Romania
EssenceMediacom,Turkey
EssenceMediacom,Ireland
EssenceMediacom,Bosnia
EssenceMediacom,Pakistan
EssenceMediacom,Poland
EssenceMediacom,Lebanon
EssenceMediacom,Malaysia
EssenceMediacom,Hong Kong
EssenceMediacom,Serbia
EssenceMediacom,Argentina
EssenceMediacom,Canada
EssenceMediacom,Saudi Arabia
EssenceMediacom,United States
EssenceMediacom,Austria
EssenceMediacom,Hungary
EssenceMediacom,Morocco
EssenceMediacom,Netherlands
EssenceMediacom,Finland
EssenceMediacom,United Arab Emirates
EssenceMediacom,United Kingdom
EssenceMediacom,Portugal
EssenceMediacom,Sweden
EssenceMediacom,Ukraine
EssenceMediacom,New Zealand
EssenceMediacom,Belgium
EssenceMediacom,Chile
EssenceMediacom,Tunisia
EssenceMediacom,Thailand
EssenceMediacom,Switzerland
EssenceMediacom,Australia
EssenceMediacom,China
EssenceMediacom,Peru
EssenceMediacom,Uruguay
EssenceMediacom,Colombia
EssenceMediacom,Croatia
EssenceMediacom,Mexico
EssenceMediacom,Israel
Etcom,
Evo,
F.biz,
Fast Solutions,
Fēnom Digital,United States
FGS Global,Germany
FGS Global,Belgium
FGS Global,Ireland
FGS Global,China
FGS Global,United Arab Emirates
FGS Global,United Kingdom
FGS Global,Hong Kong
FGS Global,Saudi Arabia
FGS Global,Singapore
FGS Global,United States
FGS Global,Japan
Finecast,United Kingdom
Finecast,Australia
Finecast,Canada
Folk Wunderman Thompson,
Foster,
Fusion Digital Pty Ltd,
Gain Theory,United Kingdom
Gain Theory,Singapore
Gain Theory,United States
GCI Canada,
GCI Health,Germany
GCI Health,Belgium
GCI Health,United Kingdom
GCI Health,Hong Kong
GCI Health,Canada
GCI Health,India
GCI Health,Singapore
GCI Health,United States
GCI Health,Japan
gkk dialog,Germany
GOAT,United Kingdom
GOAT,Singapore
GOAT,United States
Goodfuse,United States
Gorilla,
Gramercy Park Studios,United Kingdom
Gramercy Park Studios,United States
Greenhouse,Netherlands
Grey,South Korea
Grey,Denmark
Grey,Italy
Grey,South Africa
Grey,India
Grey,France
Grey,Qatar
Grey,Singapore
Grey,Bangladesh
Grey,Japan
Grey,Spain
Grey,Germany
Grey,Philippines
Grey,Indonesia
Grey,Turkey
Grey,Pakistan
Grey,Poland
Grey,Lebanon
Grey,Malaysia
Grey,Hong Kong
Grey,Argentina
Grey,Canada
Grey,Saudi Arabia
Grey,Ecuador
Grey,United States
Grey,Netherlands
Grey,United Arab Emirates
Grey,United Kingdom
Grey,Sweden
Grey,Belgium
Grey,Thailand
Grey,Brazil
Grey,Australia
Grey,China
Grey,Peru
Grey,Uruguay
Grey,Slovenia
Grey,Colombia
Grey,Croatia
Grey,Mexico
Grey Consulting,
Grey Easycom,
GroupM,South Korea
GroupM,Slovakia
GroupM,Denmark
GroupM,Czech Republic
GroupM,Norway
GroupM,Italy
GroupM,South Africa
GroupM,Puerto Rico
GroupM,Egypt
GroupM,India
GroupM,France
GroupM,Singapore
GroupM,Vietnam
GroupM,Japan
GroupM,Taiwan
GroupM,Spain
GroupM,Germany
GroupM,Philippines
GroupM,Indonesia
GroupM,Romania
GroupM,Turkey
GroupM,Ireland
GroupM,Pakistan
GroupM,Poland
GroupM,Serbia
GroupM,Malaysia
GroupM,Hong Kong
GroupM,Argentina
GroupM,Canada
GroupM,United States
GroupM,Austria
GroupM,Hungary
GroupM,Netherlands
GroupM,Finland
GroupM,United Arab Emirates
GroupM,United Kingdom
GroupM,Portugal
GroupM,Sweden
GroupM,Ukraine
GroupM,New Zealand
GroupM,Belgium
GroupM,Chile
GroupM,Thailand
GroupM,Switzerland
GroupM,Australia
GroupM,China
GroupM,Sri Lanka
GroupM,Peru
GroupM,Uruguay
GroupM,Colombia
GroupM,Croatia
GroupM,Mexico
GTB,
H1.cz,
Hawker Britton,
Haworth,
Haylix,
HighCo,France
HighCo,Spain
HighCo,Belgium
HighCo,Tunisia
Hill+Knowlton Strategies,
Hill+Knowlton Strategies,South Korea
Hill+Knowlton Strategies,Kenya
Hill+Knowlton Strategies,Norway
Hill+Knowlton Strategies,Greece
Hill+Knowlton Strategies,Italy
Hill+Knowlton Strategies,South Africa
Hill+Knowlton Strategies,Guatemala
Hill+Knowlton Strategies,Egypt
Hill+Knowlton Strategies,India
Hill+Knowlton Strategies,Qatar
Hill+Knowlton Strategies,Singapore
Hill+Knowlton Strategies,Bahrain
Hill+Knowlton Strategies,Spain
Hill+Knowlton Strategies,Germany
Hill+Knowlton Strategies,Turkey
Hill+Knowlton Strategies,Poland
Hill+Knowlton Strategies,Malaysia
Hill+Knowlton Strategies,Hong Kong
Hill+Knowlton Strategies,Argentina
Hill+Knowlton Strategies,Canada
Hill+Knowlton Strategies,Saudi Arabia
Hill+Knowlton Strategies,United States
Hill+Knowlton Strategies,Kazakhstan
Hill+Knowlton Strategies,Netherlands
Hill+Knowlton Strategies,Nigeria
Hill+Knowlton Strategies,Finland
Hill+Knowlton Strategies,United Arab Emirates
Hill+Knowlton Strategies,Rwanda
Hill+Knowlton Strategies,United Kingdom
Hill+Knowlton Strategies,Portugal
Hill+Knowlton Strategies,Sweden
Hill+Knowlton Strategies,Ukraine
Hill+Knowlton Strategies,Belgium
Hill+Knowlton Strategies,Thailand
Hill+Knowlton Strategies,Uganda
Hill+Knowlton Strategies,Australia
Hill+Knowlton Strategies,Brazil
Hill+Knowlton Strategies,China
Hill+Knowlton Strategies,Colombia
Hill+Knowlton Strategies,Mexico
Hirschen Group,
Hogarth,Romania
Hogarth,Turkey
Hogarth,Brazil
Hogarth,Australia
Hogarth,China
Hogarth,Italy
Hogarth,United Arab Emirates
Hogarth,South Africa
Hogarth,Malaysia
Hogarth,Hong Kong
Hogarth,Mexico
Hogarth,Argentina
Hogarth,Canada
Hogarth,India
Hogarth,Singapore
Hogarth,United States
Hogarth,Japan
Houston,
Howorth,
Hudson Rouge,United States
Hudson Rouge,China
Hudson Rouge,Canada
HZ,United States
i-Cherry,
iconmobile,Germany
iconmobile,United States
iconmobile,China
Ideal,
INCA,
InDomo,Netherlands
INGO,Sweden
Institute for Real Growth,
Invidi,United States
Johannes Leonardo,
john st.,Canada
Jüssi,Brazil
Kantar,Czech Republic
Kantar,Greece
Kantar,Norway
Kantar,Bulgaria
Kantar,South Africa
Kantar,Egypt
Kantar,France
Kantar,Taiwan
Kantar,Turkey
Kantar,Hong Kong
Kantar,United States
Kantar,Costa Rica
Kantar,Ukraine
Kantar,The Netherlands
Kantar,Chile
Kantar,Uganda
Kantar,China
Kantar,Colombia
Kantar,Denmark
Kantar,Kenya
Kantar,Myanmar
Kantar,Luxembourg
Kantar,Guatemala
Kantar,Puerto Rico
Kantar,India
Kantar,Algeria
Kantar,Bangladesh
Kantar,Japan
Kantar,Spain
Kantar,Germany
Kantar,Romania
Kantar,Ireland
Kantar,Serbia
Kantar,Hungary
Kantar,Kazakhstan
Kantar,Netherlands
Kantar,Lithuania
Kantar,Uruguay
Kantar,Israel
Kantar,Senegal
Kantar,Estonia
Kantar,Slovakia
Kantar,Italy
Kantar,Vietnam
Kantar,Indonesia
Kantar,Kuwait
Kantar,Pakistan
Kantar,Côte d'Ivoire
Kantar,Saudi Arabia
Kantar,Ecuador
Kantar,Latvia
Kantar,Morocco
Kantar,Honduras
Kantar,Portugal
Kantar,Sweden
Kantar,Venezuela
Kantar,Thailand
Kantar,Australia
Kantar,Brazil
Kantar,Sri Lanka
Kantar,Croatia
Kantar,El Salvador
Kantar,Mexico
Kantar,United Arab Emirates
Kantar,South Korea
Kantar,Paraguay
Kantar,Bolivia
Kantar,Cameroon
Kantar,Singapore
Kantar,Philippines
Kantar,Botswana
Kantar,Poland
Kantar,Malaysia
Kantar,Canada
Kantar,Russia
Kantar,Nigeria
Kantar,Finland
Kantar,United Kingdom
Kantar,New Zealand
Kantar,Cambodia
Kantar,Belgium
Kantar,Switzerland
Kantar,Peru
Kantar,Panama
Keyade,France
Keyade,United Arab Emirates
Kinetic,Germany
Kinetic,Belgium
Kinetic,Netherlands
Kinetic,Italy
Kinetic,United Kingdom
Kinetic,France
Kinetic,United States
KingEclient,Spain
KingEclient,Saudi Arabia
KOAN,
Landor & Fitch,South Korea
Landor & Fitch,Norway
Landor & Fitch,Italy
Landor & Fitch,South Africa
Landor & Fitch,India
Landor & Fitch,France
Landor & Fitch,Singapore
Landor & Fitch,Japan
Landor & Fitch,Germany
Landor & Fitch,Indonesia
Landor & Fitch,Turkey
Landor & Fitch,Hong Kong
Landor & Fitch,United States
Landor & Fitch,United Kingdom
Landor & Fitch,Thailand
Landor & Fitch,Switzerland
Landor & Fitch,Australia
Landor & Fitch,China
Landor & Fitch,United Arab Emirates
Landor & Fitch,Mexico
LDV United,Belgium
Made Thought,
Makerhouse,
Mando,United Kingdom
ManvsMachine,United Kingdom
ManvsMachine,United States
Map,United Kingdom
Map,United States
Marketdata,
Mediapro,
Metro Production Group (MPG),United Kingdom
MetropolitanRepublic Integrated Communications,South Africa
MetropolitanRepublic Integrated Communications,Uganda
Midas Exchange,United States
Midas Exchange,Canada
Millipede,Australia
Mindshare,South Korea
Mindshare,Slovakia
Mindshare,Denmark
Mindshare,Czech Republic
Mindshare,Norway
Mindshare,Italy
Mindshare,South Africa
Mindshare,India
Mindshare,France
Mindshare,Singapore
Mindshare,Vietnam
Mindshare,Japan
Mindshare,Taiwan
Mindshare,Spain
Mindshare,Germany
Mindshare,Philippines
Mindshare,Indonesia
Mindshare,Romania
Mindshare,Turkey
Mindshare,Ireland
Mindshare,Poland
Mindshare,Malaysia
Mindshare,Hong Kong
Mindshare,Argentina
Mindshare,United States
Mindshare,Austria
Mindshare,Hungary
Mindshare,Netherlands
Mindshare,Finland
Mindshare,United Arab Emirates
Mindshare,United Kingdom
Mindshare,Portugal
Mindshare,Sweden
Mindshare,New Zealand
Mindshare,Belgium
Mindshare,Chile
Mindshare,Thailand
Mindshare,Switzerland
Mindshare,Australia
Mindshare,China
Mindshare,Colombia
Mindshare,Mexico
Mindshare Change,South Korea
Mindshare Change,Denmark
Mindshare Change,Czech Republic
Mindshare Change,India
Mindshare Change,France
Mindshare Change,Singapore
Mindshare Change,Vietnam
Mindshare Change,Japan
Mindshare Change,Taiwan
Mindshare Change,Spain
Mindshare Change,Germany
Mindshare Change,Philippines
Mindshare Change,Indonesia
Mindshare Change,Malaysia
Mindshare Change,Hong Kong
Mindshare Change,Argentina
Mindshare Change,United States
Mindshare Change,United Kingdom
Mindshare Change,New Zealand
Mindshare Change,Belgium
Mindshare Change,Chile
Mindshare Change,Thailand
Mindshare Change,Australia
Mindshare Change,China
Mindshare Change,Colombia
Mindshare Change,Mexico
Mindshare Content+,South Korea
Mindshare Content+,Denmark
Mindshare Content+,Czech Republic
Mindshare Content+,India
Mindshare Content+,France
Mindshare Content+,Singapore
Mindshare Content+,Vietnam
Mindshare Content+,Japan
Mindshare Content+,Taiwan
Mindshare Content+,Spain
Mindshare Content+,Germany
Mindshare Content+,Philippines
Mindshare Content+,Indonesia
Mindshare Content+,Malaysia
Mindshare Content+,Hong Kong
Mindshare Content+,Argentina
Mindshare Content+,United States
Mindshare Content+,United Kingdom
Mindshare Content+,New Zealand
Mindshare Content+,Belgium
Mindshare Content+,Chile
Mindshare Content+,Thailand
Mindshare Content+,Australia
Mindshare Content+,China
Mindshare Content+,Colombia
Mindshare Content+,Mexico
Mindshare Outcomes,South Korea
Mindshare Outcomes,Slovakia
Mindshare Outcomes,Denmark
Mindshare Outcomes,Czech Republic
Mindshare Outcomes,Norway
Mindshare Outcomes,Italy
Mindshare Outcomes,South Africa
Mindshare Outcomes,India
Mindshare Outcomes,France
Mindshare Outcomes,Singapore
Mindshare Outcomes,Vietnam
Mindshare Outcomes,Japan
Mindshare Outcomes,Taiwan
Mindshare Outcomes,Spain
Mindshare Outcomes,Germany
Mindshare Outcomes,Philippines
Mindshare Outcomes,Indonesia
Mindshare Outcomes,Romania
Mindshare Outcomes,Turkey
Mindshare Outcomes,Ireland
Mindshare Outcomes,Poland
Mindshare Outcomes,Malaysia
Mindshare Outcomes,Hong Kong
Mindshare Outcomes,Argentina
Mindshare Outcomes,United States
Mindshare Outcomes,Austria
Mindshare Outcomes,Hungary
Mindshare Outcomes,Netherlands
Mindshare Outcomes,Finland
Mindshare Outcomes,United Arab Emirates
Mindshare Outcomes,United Kingdom
Mindshare Outcomes,Portugal
Mindshare Outcomes,Sweden
Mindshare Outcomes,New Zealand
Mindshare Outcomes,Belgium
Mindshare Outcomes,Chile
Mindshare Outcomes,Thailand
Mindshare Outcomes,Switzerland
Mindshare Outcomes,Australia
Mindshare Outcomes,China
Mindshare Outcomes,Colombia
Mindshare Outcomes,Mexico
Mindshare Shop+,South Korea
Mindshare Shop+,Denmark
Mindshare Shop+,Czech Republic
Mindshare Shop+,India
Mindshare Shop+,France
Mindshare Shop+,Singapore
Mindshare Shop+,Vietnam
Mindshare Shop+,Japan
Mindshare Shop+,Taiwan
Mindshare Shop+,Spain
Mindshare Shop+,Germany
Mindshare Shop+,Philippines
Mindshare Shop+,Indonesia
Mindshare Shop+,Malaysia
Mindshare Shop+,Argentina
Mindshare Shop+,United States
Mindshare Shop+,United Kingdom
Mindshare Shop+,New Zealand
Mindshare Shop+,Belgium
Mindshare Shop+,Chile
Mindshare Shop+,Thailand
Mindshare Shop+,Australia
Mindshare Shop+,China
Mindshare Shop+,Colombia
Mindshare Shop+,Mexico
Mininglamp,China
MJM,
Molecule Consultancy,
MONDAY,Thailand
Motion Content Group,Indonesia
Motion Content Group,Thailand
Motion Content Group,Turkey
Motion Content Group,Netherlands
Motion Content Group,Italy
Motion Content Group,Pakistan
Motion Content Group,United Kingdom
Motion Content Group,India
Motion Content Group,Singapore
Motion Content Group,United States
MRC,United States
mSix&Partners,Denmark
mSix&Partners,Italy
mSix&Partners,India
mSix&Partners,France
mSix&Partners,Spain
mSix&Partners,Germany
mSix&Partners,Indonesia
mSix&Partners,Turkey
mSix&Partners,Pakistan
mSix&Partners,Poland
mSix&Partners,Malaysia
mSix&Partners,Argentina
mSix&Partners,Canada
mSix&Partners,United States
mSix&Partners,Hungary
mSix&Partners,Finland
mSix&Partners,United Kingdom
mSix&Partners,Sweden
mSix&Partners,Mexico
Mutato,Brazil
Mutato,Argentina
Neo Media World,
Newcraft,Netherlands
Obviously,
Ogilvy,South Korea
Ogilvy,Slovakia
Ogilvy,Denmark
Ogilvy,Dominican Republic
Ogilvy,Kenya
Ogilvy,Czech Republic
Ogilvy,Greece
Ogilvy,Myanmar
Ogilvy,Italy
Ogilvy,South Africa
Ogilvy,Guatemala
Ogilvy,Jordan
Ogilvy,Egypt
Ogilvy,India
Ogilvy,France
Ogilvy,Qatar
Ogilvy,Bahrain
Ogilvy,Bangladesh
Ogilvy,Singapore
Ogilvy,Vietnam
Ogilvy,Japan
Ogilvy,Taiwan
Ogilvy,Spain
Ogilvy,Germany
Ogilvy,Philippines
Ogilvy,Botswana
Ogilvy,Indonesia
Ogilvy,Romania
Ogilvy,Kuwait
Ogilvy,Turkey
Ogilvy,Ireland
Ogilvy,Pakistan
Ogilvy,Poland
Ogilvy,Lebanon
Ogilvy,Malaysia
Ogilvy,Hong Kong
Ogilvy,Argentina
Ogilvy,Canada
Ogilvy,Saudi Arabia
Ogilvy,Ecuador
Ogilvy,United States
Ogilvy,Zambia
Ogilvy,Trinidad and Tobago
Ogilvy,Austria
Ogilvy,Netherlands
Ogilvy,Finland
Ogilvy,United Arab Emirates
Ogilvy,United Kingdom
Ogilvy,Portugal
Ogilvy,Sweden
Ogilvy,Ukraine
Ogilvy,New Zealand
Ogilvy,Venezuela
Ogilvy,Belgium
Ogilvy,Chile
Ogilvy,Tunisia
Ogilvy,Thailand
Ogilvy,Switzerland
Ogilvy,Australia
Ogilvy,Brazil
Ogilvy,China
Ogilvy,Peru
Ogilvy,Sri Lanka
Ogilvy,Tanzania
Ogilvy,Colombia
Ogilvy,El Salvador
Ogilvy,Mexico
Ogilvy Consulting,Germany
Ogilvy Consulting,Philippines
Ogilvy Consulting,Czech Republic
Ogilvy Consulting,Greece
Ogilvy Consulting,Brazil
Ogilvy Consulting,China
Ogilvy Consulting,Italy
Ogilvy Consulting,United Arab Emirates
Ogilvy Consulting,United Kingdom
Ogilvy Consulting,Hong Kong
Ogilvy Consulting,Mexico
Ogilvy Consulting,India
Ogilvy Consulting,France
Ogilvy Consulting,Singapore
Ogilvy Consulting,United States
Ogilvy Government Relations,United States
Ogilvy Health,United States
Ogilvy Health,Canada
Ogilvy PR,Australia
Parker & Partners,
PARx Solutions,United States
Passport Brand Design,
Peclers Paris,France
Peclers Paris,Germany
Peclers Paris,United States
Peclers Paris,China
Pennywise,India
pep,United States
pep,Panama
pep,Puerto Rico
Pivot Integrated Communications,
PLAY Communication,
plista,
PostVisual,
Potato,United Kingdom
Potato,United States
Prime Policy Group,United States
Prism Sport + Entertainment,
Proto,United Kingdom
Proto,United States
PSB Insights,United Kingdom
PSB Insights,United States
PSB Insights,United Arab Emirates
Public Strategies Inc,
PulPac,Sweden
Pulse,
Quasar,
Red Cell,
RessourcenReich,
RPCA,
Sandtable,
Santo,
Satalia,
Scholz & Friends,Switzerland
Scholz & Friends,Germany
Scholz & Friends,Belgium
Señora Rushmore,Spain
SensioGrey,
Set Creative,United Kingdom
Set Creative,United States
SJR,United Kingdom
SJR,Australia
SJR,United States
SJR,Canada
Smollan,United Kingdom
Smollan,South Africa
Smollan,United Arab Emirates
Smollan,India
Smollan,Singapore
Social.Lab,Germany
Social.Lab,Belgium
Social.Lab,Switzerland
Social.Lab,Netherlands
Social.Lab,Poland
Social.Lab,South Africa
Social.Lab,United Kingdom
Social.Lab,United Arab Emirates
Social.Lab,France
Social.Lab,Singapore
Social.Lab,United States
Soho Square Athens,
Spafax,Spain
Spafax,Germany
Spafax,Chile
Spafax,Brazil
Spafax,China
Spafax,United Arab Emirates
Spafax,United Kingdom
Spafax,Hong Kong
Spafax,Canada
Spafax,Singapore
Spafax,United States
Squad,Kenya
Squad,Nigeria
Subvrsive,United States
Swift,
SYZYGY GROUP,
Tank,United Kingdom
Tank,United States
Tank,Canada
tattoo,
TAXI,United States
TAXI,Canada
Techsys Digital,South Africa
The Brand Agency,Australia
The Brand Agency,New Zealand
The Brand Power Company,
The Cocktail,
The Factuary,
The Food Group,United States
The Glitch,India
The Hardy Boys,
The Lacek Group,United States
The Mighty,United States
The Online Research Unit,
The Reputations Agency,
The&Partnership,Slovakia
The&Partnership,Denmark
The&Partnership,Czech Republic
The&Partnership,Greece
The&Partnership,Norway
The&Partnership,Italy
The&Partnership,Bulgaria
The&Partnership,India
The&Partnership,France
The&Partnership,Singapore
The&Partnership,Japan
The&Partnership,Spain
The&Partnership,Germany
The&Partnership,Indonesia
The&Partnership,Romania
The&Partnership,Turkey
The&Partnership,Ireland
The&Partnership,Poland
The&Partnership,Malaysia
The&Partnership,Argentina
The&Partnership,Canada
The&Partnership,United States
The&Partnership,Hungary
The&Partnership,Latvia
The&Partnership,Finland
The&Partnership,United Kingdom
The&Partnership,Sweden
The&Partnership,New Zealand
The&Partnership,Lithuania
The&Partnership,Belgium
The&Partnership,Australia
The&Partnership,Uruguay
The&Partnership,Colombia
The&Partnership,Mexico
The&Partnership,Estonia
thjnk,Switzerland
thjnk,United States
thjnk,Germany
TMARC,South Africa
Townhouse,Brazil
Townhouse,Peru
Townhouse,Uruguay
Townhouse,Colombia
Townhouse,Argentina
Townhouse,Mexico
Townhouse,United States
Townhouse,Ecuador
Try,
TwentyFive,
Two Circles,
Uhub,
Universal Design Studio,United Kingdom
Universal Design Studio,United States
UniWorld Group,United States
Velvet Consulting,
Verticurl,South Korea
Verticurl,Philippines
Verticurl,Indonesia
Verticurl,Thailand
Verticurl,Brazil
Verticurl,Australia
Verticurl,China
Verticurl,Ireland
Verticurl,United Kingdom
Verticurl,Hong Kong
Verticurl,Mexico
Verticurl,Canada
Verticurl,India
Verticurl,Singapore
Verticurl,United States
Verticurl,Costa Rica
Verticurl,Japan
VICE,United States
Village Marketing,
VINYL I,South Korea
VMLY&R,South Korea
VMLY&R,Czech Republic
VMLY&R,Italy
VMLY&R,South Africa
VMLY&R,Puerto Rico
VMLY&R,India
VMLY&R,France
VMLY&R,Singapore
VMLY&R,Vietnam
VMLY&R,Taiwan
VMLY&R,Spain
VMLY&R,Germany
VMLY&R,Philippines
VMLY&R,Indonesia
VMLY&R,Mongolia
VMLY&R,Turkey
VMLY&R,Poland
VMLY&R,Malaysia
VMLY&R,Argentina
VMLY&R,United States
VMLY&R,Austria
VMLY&R,Morocco
VMLY&R,United Arab Emirates
VMLY&R,United Kingdom
VMLY&R,Portugal
VMLY&R,Ukraine
VMLY&R,New Zealand
VMLY&R,Belgium
VMLY&R,Chile
VMLY&R,Thailand
VMLY&R,Switzerland
VMLY&R,Brazil
VMLY&R,Australia
VMLY&R,China
VMLY&R,Peru
VMLY&R,Uruguay
VMLY&R,Colombia
VMLY&R,Mexico
VMLY&R Commerce,Puerto Rico
VMLY&R Commerce,Egypt
VMLY&R Commerce,India
VMLY&R Commerce,Japan
VMLY&R Commerce,Romania
VMLY&R Commerce,Lebanon
VMLY&R Commerce,Malaysia
VMLY&R Commerce,Hong Kong
VMLY&R Commerce,Argentina
VMLY&R Commerce,United States
VMLY&R Commerce,Costa Rica
VMLY&R Commerce,United Kingdom
VMLY&R Commerce,Brazil
VMLY&R Commerce,Australia
VMLY&R Commerce,China
VMLY&R Commerce,Peru
VMLY&R Commerce,Colombia
VMLY&R Commerce,United Arab Emirates
VMLY&R Commerce,Mexico
VMLY&Rx,Spain
VMLY&Rx,China
VMLY&Rx,Italy
VMLY&Rx,United Kingdom
VMLY&Rx,France
VMLY&Rx,Japan
Wavemaker,South Korea
Wavemaker,Slovakia
Wavemaker,Denmark
Wavemaker,Kenya
Wavemaker,Czech Republic
Wavemaker,Greece
Wavemaker,Norway
Wavemaker,Italy
Wavemaker,South Africa
Wavemaker,Puerto Rico
Wavemaker,Egypt
Wavemaker,India
Wavemaker,France
Wavemaker,Qatar
Wavemaker,Singapore
Wavemaker,Bangladesh
Wavemaker,Vietnam
Wavemaker,Japan
Wavemaker,Taiwan
Wavemaker,Spain
Wavemaker,Germany
Wavemaker,Philippines
Wavemaker,Indonesia
Wavemaker,Romania
Wavemaker,Kuwait
Wavemaker,Turkey
Wavemaker,Ireland
Wavemaker,Pakistan
Wavemaker,Poland
Wavemaker,Lebanon
Wavemaker,Malaysia
Wavemaker,Hong Kong
Wavemaker,Serbia
Wavemaker,Argentina
Wavemaker,Canada
Wavemaker,Saudi Arabia
Wavemaker,Ecuador
Wavemaker,United States
Wavemaker,Oman
Wavemaker,Austria
Wavemaker,Hungary
Wavemaker,Morocco
Wavemaker,Netherlands
Wavemaker,Finland
Wavemaker,United Arab Emirates
Wavemaker,United Kingdom
Wavemaker,Portugal
Wavemaker,Sweden
Wavemaker,Ukraine
Wavemaker,New Zealand
Wavemaker,Belgium
Wavemaker,Chile
Wavemaker,Thailand
Wavemaker,Switzerland
Wavemaker,Australia
Wavemaker,China
Wavemaker,Sri Lanka
Wavemaker,Peru
Wavemaker,Uruguay
Wavemaker,Colombia
Wavemaker,Croatia
Wavemaker,Mexico
Wavemaker Commerce,
Wavemaker Content,
whiteGREY,
Wing,
Within,
WPP,Czech Republic
WPP,Italy
WPP,Luxembourg
WPP,South Africa
WPP,India
WPP,France
WPP,Singapore
WPP,Japan
WPP,Spain
WPP,Germany
WPP,Indonesia
WPP,Ireland
WPP,Malaysia
WPP,Hong Kong
WPP,Argentina
WPP,United States
WPP,Netherlands
WPP,United Arab Emirates
WPP,United Kingdom
WPP,Portugal
WPP,New Zealand
WPP,Venezuela
WPP,Belgium
WPP,Brazil
WPP,Australia
WPP,China
WPP,Colombia
WPP,Mexico
WPP Government & Public Sector Practice,United Kingdom
WPP Government & Public Sector Practice,Australia
WPP Government & Public Sector Practice,United States
WPP Government & Public Sector Practice,Belgium
WPP Scangroup,
WPP Sports Practice,
WPP@CP,
Wunderman Thompson,South Korea
Wunderman Thompson,Denmark
Wunderman Thompson,Czech Republic
Wunderman Thompson,Greece
Wunderman Thompson,Italy
Wunderman Thompson,Luxembourg
Wunderman Thompson,Nepal
Wunderman Thompson,South Africa
Wunderman Thompson,Jordan
Wunderman Thompson,Puerto Rico
Wunderman Thompson,Egypt
Wunderman Thompson,India
Wunderman Thompson,France
Wunderman Thompson,Qatar
Wunderman Thompson,Singapore
Wunderman Thompson,Bangladesh
Wunderman Thompson,Vietnam
Wunderman Thompson,Japan
Wunderman Thompson,Taiwan
Wunderman Thompson,Spain
Wunderman Thompson,Germany
Wunderman Thompson,Philippines
Wunderman Thompson,Indonesia
Wunderman Thompson,Kuwait
Wunderman Thompson,Turkey
Wunderman Thompson,Poland
Wunderman Thompson,Lebanon
Wunderman Thompson,Malaysia
Wunderman Thompson,Hong Kong
Wunderman Thompson,Argentina
Wunderman Thompson,Canada
Wunderman Thompson,Saudi Arabia
Wunderman Thompson,United States
Wunderman Thompson,Austria
Wunderman Thompson,Hungary
Wunderman Thompson,Morocco
Wunderman Thompson,Netherlands
Wunderman Thompson,Finland
Wunderman Thompson,United Arab Emirates
Wunderman Thompson,United Kingdom
Wunderman Thompson,Portugal
Wunderman Thompson,Sweden
Wunderman Thompson,Ukraine
Wunderman Thompson,New Zealand
Wunderman Thompson,Venezuela
Wunderman Thompson,Belgium
Wunderman Thompson,Chile
Wunderman Thompson,Tunisia
Wunderman Thompson,Thailand
Wunderman Thompson,Australia
Wunderman Thompson,Brazil
Wunderman Thompson,China
Wunderman Thompson,Peru
Wunderman Thompson,Sri Lanka
Wunderman Thompson,Colombia
Wunderman Thompson,Mexico
Wunderman Thompson Brand & Customer Experience,South Korea
Wunderman Thompson Brand & Customer Experience,Denmark
Wunderman Thompson Brand & Customer Experience,Czech Republic
Wunderman Thompson Brand & Customer Experience,Greece
Wunderman Thompson Brand & Customer Experience,Italy
Wunderman Thompson Brand & Customer Experience,Luxembourg
Wunderman Thompson Brand & Customer Experience,Nepal
Wunderman Thompson Brand & Customer Experience,South Africa
Wunderman Thompson Brand & Customer Experience,Jordan
Wunderman Thompson Brand & Customer Experience,Puerto Rico
Wunderman Thompson Brand & Customer Experience,Egypt
Wunderman Thompson Brand & Customer Experience,India
Wunderman Thompson Brand & Customer Experience,France
Wunderman Thompson Brand & Customer Experience,Qatar
Wunderman Thompson Brand & Customer Experience,Singapore
Wunderman Thompson Brand & Customer Experience,Bangladesh
Wunderman Thompson Brand & Customer Experience,Vietnam
Wunderman Thompson Brand & Customer Experience,Japan
Wunderman Thompson Brand & Customer Experience,Taiwan
Wunderman Thompson Brand & Customer Experience,Spain
Wunderman Thompson Brand & Customer Experience,Germany
Wunderman Thompson Brand & Customer Experience,Philippines
Wunderman Thompson Brand & Customer Experience,Indonesia
Wunderman Thompson Brand & Customer Experience,Kuwait
Wunderman Thompson Brand & Customer Experience,Turkey
Wunderman Thompson Brand & Customer Experience,Poland
Wunderman Thompson Brand & Customer Experience,Lebanon
Wunderman Thompson Brand & Customer Experience,Malaysia
Wunderman Thompson Brand & Customer Experience,Hong Kong
Wunderman Thompson Brand & Customer Experience,Argentina
Wunderman Thompson Brand & Customer Experience,Canada
Wunderman Thompson Brand & Customer Experience,Saudi Arabia
Wunderman Thompson Brand & Customer Experience,United States
Wunderman Thompson Brand & Customer Experience,Austria
Wunderman Thompson Brand & Customer Experience,Hungary
Wunderman Thompson Brand & Customer Experience,Morocco
Wunderman Thompson Brand & Customer Experience,Netherlands
Wunderman Thompson Brand & Customer Experience,Finland
Wunderman Thompson Brand & Customer Experience,United Arab Emirates
Wunderman Thompson Brand & Customer Experience,United Kingdom
Wunderman Thompson Brand & Customer Experience,Portugal
Wunderman Thompson Brand & Customer Experience,Sweden
Wunderman Thompson Brand & Customer Experience,Ukraine
Wunderman Thompson Brand & Customer Experience,New Zealand
Wunderman Thompson Brand & Customer Experience,Venezuela
Wunderman Thompson Brand & Customer Experience,Belgium
Wunderman Thompson Brand & Customer Experience,Chile
Wunderman Thompson Brand & Customer Experience,Tunisia
Wunderman Thompson Brand & Customer Experience,Thailand
Wunderman Thompson Brand & Customer Experience,Australia
Wunderman Thompson Brand & Customer Experience,Brazil
Wunderman Thompson Brand & Customer Experience,China
Wunderman Thompson Brand & Customer Experience,Peru
Wunderman Thompson Brand & Customer Experience,Sri Lanka
Wunderman Thompson Brand & Customer Experience,Colombia
Wunderman Thompson Brand & Customer Experience,Mexico
Wunderman Thompson Commerce,Australia
Wunderman Thompson Commerce,China
Wunderman Thompson Commerce,Netherlands
Wunderman Thompson Commerce,Luxembourg
Wunderman Thompson Commerce,Poland
Wunderman Thompson Commerce,United Kingdom
Wunderman Thompson Commerce,Canada
Wunderman Thompson Commerce,United States
Wunderman Thompson Commerce,Ukraine
Wunderman Thompson Communications,South Korea
Wunderman Thompson Communications,Denmark
Wunderman Thompson Communications,Czech Republic
Wunderman Thompson Communications,Greece
Wunderman Thompson Communications,Italy
Wunderman Thompson Communications,Luxembourg
Wunderman Thompson Communications,Nepal
Wunderman Thompson Communications,South Africa
Wunderman Thompson Communications,Jordan
Wunderman Thompson Communications,Puerto Rico
Wunderman Thompson Communications,Egypt
Wunderman Thompson Communications,India
Wunderman Thompson Communications,France
Wunderman Thompson Communications,Qatar
Wunderman Thompson Communications,Singapore
Wunderman Thompson Communications,Bangladesh
Wunderman Thompson Communications,Vietnam
Wunderman Thompson Communications,Japan
Wunderman Thompson Communications,Taiwan
Wunderman Thompson Communications,Spain
Wunderman Thompson Communications,Germany
Wunderman Thompson Communications,Philippines
Wunderman Thompson Communications,Indonesia
Wunderman Thompson Communications,Kuwait
Wunderman Thompson Communications,Turkey
Wunderman Thompson Communications,Poland
Wunderman Thompson Communications,Lebanon
Wunderman Thompson Communications,Malaysia
Wunderman Thompson Communications,Hong Kong
Wunderman Thompson Communications,Argentina
Wunderman Thompson Communications,Canada
Wunderman Thompson Communications,Saudi Arabia
Wunderman Thompson Communications,United States
Wunderman Thompson Communications,Austria
Wunderman Thompson Communications,Hungary
Wunderman Thompson Communications,Morocco
Wunderman Thompson Communications,Netherlands
Wunderman Thompson Communications,Finland
Wunderman Thompson Communications,United Arab Emirates
Wunderman Thompson Communications,United Kingdom
Wunderman Thompson Communications,Portugal
Wunderman Thompson Communications,Sweden
Wunderman Thompson Communications,Ukraine
Wunderman Thompson Communications,New Zealand
Wunderman Thompson Communications,Venezuela
Wunderman Thompson Communications,Belgium
Wunderman Thompson Communications,Chile
Wunderman Thompson Communications,Tunisia
Wunderman Thompson Communications,Thailand
Wunderman Thompson Communications,Australia
Wunderman Thompson Communications,Brazil
Wunderman Thompson Communications,China
Wunderman Thompson Communications,Peru
Wunderman Thompson Communications,Sri Lanka
Wunderman Thompson Communications,Colombia
Wunderman Thompson Communications,Mexico
Wunderman Thompson Consulting,South Korea
Wunderman Thompson Consulting,Denmark
Wunderman Thompson Consulting,Czech Republic
Wunderman Thompson Consulting,Greece
Wunderman Thompson Consulting,Italy
Wunderman Thompson Consulting,Luxembourg
Wunderman Thompson Consulting,Nepal
Wunderman Thompson Consulting,South Africa
Wunderman Thompson Consulting,Jordan
Wunderman Thompson Consulting,Puerto Rico
Wunderman Thompson Consulting,Egypt
Wunderman Thompson Consulting,India
Wunderman Thompson Consulting,France
Wunderman Thompson Consulting,Qatar
Wunderman Thompson Consulting,Singapore
Wunderman Thompson Consulting,Bangladesh
Wunderman Thompson Consulting,Vietnam
Wunderman Thompson Consulting,Japan
Wunderman Thompson Consulting,Taiwan
Wunderman Thompson Consulting,Spain
Wunderman Thompson Consulting,Germany
Wunderman Thompson Consulting,Philippines
Wunderman Thompson Consulting,Indonesia
Wunderman Thompson Consulting,Kuwait
Wunderman Thompson Consulting,Turkey
Wunderman Thompson Consulting,Poland
Wunderman Thompson Consulting,Lebanon
Wunderman Thompson Consulting,Malaysia
Wunderman Thompson Consulting,Hong Kong
Wunderman Thompson Consulting,Argentina
Wunderman Thompson Consulting,Canada
Wunderman Thompson Consulting,Saudi Arabia
Wunderman Thompson Consulting,United States
Wunderman Thompson Consulting,Austria
Wunderman Thompson Consulting,Hungary
Wunderman Thompson Consulting,Morocco
Wunderman Thompson Consulting,Netherlands
Wunderman Thompson Consulting,Finland
Wunderman Thompson Consulting,United Arab Emirates
Wunderman Thompson Consulting,United Kingdom
Wunderman Thompson Consulting,Portugal
Wunderman Thompson Consulting,Sweden
Wunderman Thompson Consulting,Ukraine
Wunderman Thompson Consulting,New Zealand
Wunderman Thompson Consulting,Venezuela
Wunderman Thompson Consulting,Belgium
Wunderman Thompson Consulting,Chile
Wunderman Thompson Consulting,Tunisia
Wunderman Thompson Consulting,Thailand
Wunderman Thompson Consulting,Australia
Wunderman Thompson Consulting,Brazil
Wunderman Thompson Consulting,China
Wunderman Thompson Consulting,Peru
Wunderman Thompson Consulting,Sri Lanka
Wunderman Thompson Consulting,Colombia
Wunderman Thompson Consulting,Mexico
Wunderman Thompson CRM,South Korea
Wunderman Thompson CRM,Denmark
Wunderman Thompson CRM,Czech Republic
Wunderman Thompson CRM,Greece
Wunderman Thompson CRM,Italy
Wunderman Thompson CRM,Luxembourg
Wunderman Thompson CRM,Nepal
Wunderman Thompson CRM,South Africa
Wunderman Thompson CRM,Jordan
Wunderman Thompson CRM,Puerto Rico
Wunderman Thompson CRM,Egypt
Wunderman Thompson CRM,India
Wunderman Thompson CRM,France
Wunderman Thompson CRM,Qatar
Wunderman Thompson CRM,Singapore
Wunderman Thompson CRM,Bangladesh
Wunderman Thompson CRM,Vietnam
Wunderman Thompson CRM,Japan
Wunderman Thompson CRM,Taiwan
Wunderman Thompson CRM,Spain
Wunderman Thompson CRM,Germany
Wunderman Thompson CRM,Philippines
Wunderman Thompson CRM,Indonesia
Wunderman Thompson CRM,Kuwait
Wunderman Thompson CRM,Turkey
Wunderman Thompson CRM,Poland
Wunderman Thompson CRM,Lebanon
Wunderman Thompson CRM,Malaysia
Wunderman Thompson CRM,Hong Kong
Wunderman Thompson CRM,Argentina
Wunderman Thompson CRM,Canada
Wunderman Thompson CRM,Saudi Arabia
Wunderman Thompson CRM,United States
Wunderman Thompson CRM,Austria
Wunderman Thompson CRM,Hungary
Wunderman Thompson CRM,Morocco
Wunderman Thompson CRM,Netherlands
Wunderman Thompson CRM,Finland
Wunderman Thompson CRM,United Arab Emirates
Wunderman Thompson CRM,United Kingdom
Wunderman Thompson CRM,Portugal
Wunderman Thompson CRM,Sweden
Wunderman Thompson CRM,Ukraine
Wunderman Thompson CRM,New Zealand
Wunderman Thompson CRM,Venezuela
Wunderman Thompson CRM,Belgium
Wunderman Thompson CRM,Chile
Wunderman Thompson CRM,Tunisia
Wunderman Thompson CRM,Thailand
Wunderman Thompson CRM,Australia
Wunderman Thompson CRM,Brazil
Wunderman Thompson CRM,China
Wunderman Thompson CRM,Peru
Wunderman Thompson CRM,Sri Lanka
Wunderman Thompson CRM,Colombia
Wunderman Thompson CRM,Mexico
Wunderman Thompson Data,Brazil
Wunderman Thompson Data,United Kingdom
Wunderman Thompson Data,South Africa
Wunderman Thompson Data,France
Wunderman Thompson Data,United States
Wunderman Thompson Health,United States
Wunderman Thompson Studios,Denmark
Wunderman Thompson Studios,Czech Republic
Wunderman Thompson Studios,Hungary
Wunderman Thompson Studios,Brazil
Wunderman Thompson Studios,United Arab Emirates
Wunderman Thompson Studios,Uruguay
Wunderman Thompson Studios,Lebanon
Wunderman Thompson Studios,South Africa
Wunderman Thompson Studios,Argentina
Wunderman Thompson Studios,Egypt
Wunderman Thompson Studios,India
Wunderman Thompson Studios,United States
Wunderman Thompson Studios,Bangladesh
Wunderman Thompson Studios,Costa Rica
Wunderman Thompson Technology,South Korea
Wunderman Thompson Technology,Denmark
Wunderman Thompson Technology,Czech Republic
Wunderman Thompson Technology,Greece
Wunderman Thompson Technology,Italy
Wunderman Thompson Technology,Luxembourg
Wunderman Thompson Technology,Nepal
Wunderman Thompson Technology,South Africa
Wunderman Thompson Technology,Jordan
Wunderman Thompson Technology,Puerto Rico
Wunderman Thompson Technology,Egypt
Wunderman Thompson Technology,India
Wunderman Thompson Technology,France
Wunderman Thompson Technology,Qatar
Wunderman Thompson Technology,Singapore
Wunderman Thompson Technology,Bangladesh
Wunderman Thompson Technology,Vietnam
Wunderman Thompson Technology,Japan
Wunderman Thompson Technology,Taiwan
Wunderman Thompson Technology,Spain
Wunderman Thompson Technology,Germany
Wunderman Thompson Technology,Philippines
Wunderman Thompson Technology,Indonesia
Wunderman Thompson Technology,Kuwait
Wunderman Thompson Technology,Turkey
Wunderman Thompson Technology,Poland
Wunderman Thompson Technology,Lebanon
Wunderman Thompson Technology,Malaysia
Wunderman Thompson Technology,Hong Kong
Wunderman Thompson Technology,Argentina
Wunderman Thompson Technology,Canada
Wunderman Thompson Technology,Saudi Arabia
Wunderman Thompson Technology,United States
Wunderman Thompson Technology,Austria
Wunderman Thompson Technology,Hungary
Wunderman Thompson Technology,Morocco
Wunderman Thompson Technology,Netherlands
Wunderman Thompson Technology,Finland
Wunderman Thompson Technology,United Arab Emirates
Wunderman Thompson Technology,United Kingdom
Wunderman Thompson Technology,Portugal
Wunderman Thompson Technology,Sweden
Wunderman Thompson Technology,Ukraine
Wunderman Thompson Technology,New Zealand
Wunderman Thompson Technology,Venezuela
Wunderman Thompson Technology,Belgium
Wunderman Thompson Technology,Chile
Wunderman Thompson Technology,Tunisia
Wunderman Thompson Technology,Thailand
Wunderman Thompson Technology,Australia
Wunderman Thompson Technology,Brazil
Wunderman Thompson Technology,China
Wunderman Thompson Technology,Peru
Wunderman Thompson Technology,Sri Lanka
Wunderman Thompson Technology,Colombia
Wunderman Thompson Technology,Mexico
Xaxis,South Korea
Xaxis,Slovakia
Xaxis,Denmark
Xaxis,Czech Republic
Xaxis,Norway
Xaxis,Italy
Xaxis,Puerto Rico
Xaxis,India
Xaxis,France
Xaxis,Singapore
Xaxis,Vietnam
Xaxis,Japan
Xaxis,Taiwan
Xaxis,Spain
Xaxis,Germany
Xaxis,Philippines
Xaxis,Indonesia
Xaxis,Turkey
Xaxis,Pakistan
Xaxis,Poland
Xaxis,Malaysia
Xaxis,Hong Kong
Xaxis,Argentina
Xaxis,Canada
Xaxis,United States
Xaxis,Austria
Xaxis,Hungary
Xaxis,Netherlands
Xaxis,Finland
Xaxis,United Arab Emirates
Xaxis,United Kingdom
Xaxis,Portugal
Xaxis,Sweden
Xaxis,New Zealand
Xaxis,Belgium
Xaxis,Chile
Xaxis,Thailand
Xaxis,Switzerland
Xaxis,Australia
Xaxis,China
Xaxis,Peru
Xaxis,Colombia
Xaxis,Mexico
XumaK,
Yellow Edge,
Yonder Media,
Zubi,United States
